{"prices_b963e1952393b6f6899c6978de03a6f6":{"data":{"ripple":2.72,"ripple_change":-1.937073050964814},"timestamp":1755007251},"prices_2a263b152b6dcf8f6dd2e5ddfb3de3a4":{"data":{"ripple":2.72,"ripple_change":-1.951087161785999},"timestamp":1755007400},"prices_aa889baaa5b56e31ed7a19bbc9494f18":{"data":{"binancecoin":722.22,"binancecoin_change":3.905184648567997,"bitcoin":102124,"bitcoin_change":-0.23466626306054872,"litecoin":112.36,"litecoin_change":9.458766076401087,"ripple":2.77,"ripple_change":2.222271038933087,"tether":0.853873,"tether_change":-0.7972835785901066},"timestamp":1755072588},"prices_219c872c8794a36673fb1c6e3a708030":{"data":{"binancecoin":722.21,"binancecoin_change":3.846770043646612},"timestamp":1755072602},"prices_8162c732d7009f1a531db9e5d7e528d3":{"data":{"bitcoin":102180,"bitcoin_change":-0.1487891628534947,"litecoin":112.76,"litecoin_change":9.841918560194994,"ripple":2.78,"ripple_change":2.483277848951278,"tether":0.853376,"tether_change":-0.8442318310325821},"timestamp":1755073253}}